date,confirmed,source,deaths,suspected,confirmed_cases,confirmed_deaths,suspected_cases,total_cases,suspected_deaths,total_deaths,_nd_fields,_adjustments,_flags,recovered
2026-05-14,8,INRB-UMIE upstream,4,246,8,4,246,254,,,['suspected_deaths'],[],[],
2026-05-17,13,INRB-UMIE upstream,4,246,13,4,246,259,,,['suspected_deaths'],[],[],
2026-05-18,33,INRB-UMIE upstream,4,516,33,4,516,549,,,[],[],[],
2026-05-19,51,INRB-UMIE upstream,4,575,51,4,575,626,,,[],[],[],
2026-05-20,64,INRB-UMIE upstream,6,671,64,6,671,735,,,[],[],[],
2026-05-21,83,INRB-UMIE upstream,9,746,83,9,746,829,,,[],[],[],
2026-05-22,91,INRB-UMIE upstream,10,867,91,10,867,958,,,['suspected_deaths'],[],[],
2026-05-23,101,INRB-UMIE upstream,10,904,101,10,904,1005,,,[],[],[],
2026-05-24,105,INRB-UMIE upstream,10,906,105,10,906,1011,,,[],[],[],
2026-05-25,106,INRB-UMIE upstream,12,998,106,12,998,1104,,,[],[],[],
2026-05-26,121,INRB-UMIE upstream,17,1077,121,17,1077,1198,,,[],[],[],
2026-05-27,125,INRB-UMIE upstream,17,906,125,17,906,1031,,,[],"[{'field': 'suspected_cases', 'from': 1077, 'to': 906, 'delta': -171, 'type': 'reclassification', 'date': '2026-05-27'}, {'field': 'total_cases', 'from': 1198, 'to': 1031, 'delta': -167, 'type': 'reclassification', 'date': '2026-05-27'}]",[],1
2026-05-28,210,INRB-UMIE upstream,17,349,210,17,349,559,,,[],"[{'field': 'suspected_cases', 'from': 906, 'to': 349, 'delta': -557, 'type': 'reclassification', 'date': '2026-05-28'}, {'field': 'total_cases', 'from': 1031, 'to': 559, 'delta': -472, 'type': 'reclassification', 'date': '2026-05-28'}]",[],1
2026-05-29,263,INRB-UMIE upstream,42,349,263,42,349,612,,,[],[],[],2
2026-05-30,282,INRB-UMIE upstream,42,321,282,42,321,603,,,[],"[{'field': 'suspected_cases', 'from': 349, 'to': 321, 'delta': -28, 'type': 'reclassification', 'date': '2026-05-30'}, {'field': 'total_cases', 'from': 612, 'to': 603, 'delta': -9, 'type': 'reclassification', 'date': '2026-05-30'}]",[],2
2026-05-31,321,INRB-UMIE upstream,48,220,321,48,220,541,,,[],"[{'field': 'suspected_cases', 'from': 321, 'to': 220, 'delta': -101, 'type': 'reclassification', 'date': '2026-05-31'}, {'field': 'total_cases', 'from': 603, 'to': 541, 'delta': -62, 'type': 'reclassification', 'date': '2026-05-31'}]",[],6
2026-06-01,344,INRB-UMIE upstream,60,289,344,60,289,633,,,[],[],[],6
2026-06-02,363,INRB-UMIE upstream,62,206,363,62,206,569,,,[],"[{'field': 'suspected_cases', 'from': 289, 'to': 206, 'delta': -83, 'type': 'reclassification', 'date': '2026-06-02'}, {'field': 'total_cases', 'from': 633, 'to': 569, 'delta': -64, 'type': 'reclassification', 'date': '2026-06-02'}]",[],6
2026-06-03,381,INRB-UMIE upstream,64,,381,64,,381,,,[],"[{'field': 'total_cases', 'from': 569, 'to': 381, 'delta': -188, 'type': 'reclassification', 'date': '2026-06-03'}]",[],7
2026-06-04,452,INRB-UMIE upstream,82,153,452,82,153,605,,,[],[],[],8
2026-06-05,488,INRB-UMIE upstream,86,119,488,86,119,607,,,[],"[{'field': 'suspected_cases', 'from': 153, 'to': 119, 'delta': -34, 'type': 'reclassification', 'date': '2026-06-05'}]",[],9
2026-06-06,515,INRB-UMIE upstream,91,117,515,91,117,632,,,[],"[{'field': 'suspected_cases', 'from': 119, 'to': 117, 'delta': -2, 'type': 'reclassification', 'date': '2026-06-06'}]",[],12
2026-06-07,550,INRB-UMIE upstream,101,94,550,101,94,644,,,[],"[{'field': 'suspected_cases', 'from': 117, 'to': 94, 'delta': -23, 'type': 'reclassification', 'date': '2026-06-07'}]",[],19
2026-06-08,598,INRB-UMIE upstream,115,138,598,115,138,736,,,[],[],[],22
2026-06-09,635,INRB-UMIE upstream,127,119,635,127,119,754,,,[],"[{'field': 'suspected_cases', 'from': 138, 'to': 119, 'delta': -19, 'type': 'reclassification', 'date': '2026-06-09'}]",[],30
2026-06-10,676,INRB-UMIE upstream,136,119,676,136,119,795,,,[],[],[],32
2026-06-11,689,INRB-UMIE upstream,139,168,689,139,168,857,,,[],[],[],32
2026-06-13,782,INRB-UMIE upstream,181,136,782,181,136,918,,,[],"[{'field': 'suspected_cases', 'from': 168, 'to': 136, 'delta': -32, 'type': 'reclassification', 'date': '2026-06-13'}]",[],40
2026-06-14,808,INRB-UMIE upstream,192,165,808,192,165,973,,,[],[],[],48
2026-06-15,837,INRB-UMIE upstream,196,235,837,196,235,1072,,,[],[],[],49
2026-06-16,875,INRB-UMIE upstream,202,192,875,202,192,1067,,,[],"[{'field': 'suspected_cases', 'from': 235, 'to': 192, 'delta': -43, 'type': 'reclassification', 'date': '2026-06-16'}, {'field': 'total_cases', 'from': 1072, 'to': 1067, 'delta': -5, 'type': 'reclassification', 'date': '2026-06-16'}]",[],67
2026-06-17,896,INRB-UMIE upstream,232,151,896,232,151,1047,,,[],"[{'field': 'suspected_cases', 'from': 192, 'to': 151, 'delta': -41, 'type': 'reclassification', 'date': '2026-06-17'}, {'field': 'total_cases', 'from': 1067, 'to': 1047, 'delta': -20, 'type': 'reclassification', 'date': '2026-06-17'}]",[],78
2026-06-18,933,INRB-UMIE upstream,245,238,933,245,238,1171,,,[],[],[],80
2026-06-19,956,INRB-UMIE upstream,247,162,956,247,162,1118,,,[],"[{'field': 'suspected_cases', 'from': 238, 'to': 162, 'delta': -76, 'type': 'reclassification', 'date': '2026-06-19'}, {'field': 'total_cases', 'from': 1171, 'to': 1118, 'delta': -53, 'type': 'reclassification', 'date': '2026-06-19'}]",[],92
2026-06-20,1003,INRB-UMIE upstream,254,201,1003,254,201,1204,,,[],[],[],100
2026-06-21,1048,INRB-UMIE upstream,267,202,1048,267,202,1250,,,[],[],[],112
2026-06-22,1094,INRB-UMIE upstream,277,131,1094,277,131,1225,,,[],"[{'field': 'suspected_cases', 'from': 202, 'to': 131, 'delta': -71, 'type': 'reclassification', 'date': '2026-06-22'}, {'field': 'total_cases', 'from': 1250, 'to': 1225, 'delta': -25, 'type': 'reclassification', 'date': '2026-06-22'}]",[],115
2026-06-23,1118,INRB-UMIE upstream,291,138,1118,291,138,1256,,,[],[],[],122
2026-06-24,1155,INRB-UMIE upstream,304,154,1155,304,154,1309,,,[],[],[],138
2026-06-25,1203,INRB-UMIE upstream,321,265,1203,321,265,1468,,,[],[],[],148
2026-06-27,1274,INRB-UMIE upstream,360,239,1274,360,239,1513,,,[],"[{'field': 'suspected_cases', 'from': 265, 'to': 239, 'delta': -26, 'type': 'reclassification', 'date': '2026-06-27'}]",[],178
2026-06-29,1333,INRB-UMIE upstream,399,309,1333,399,309,1642,,,[],[],[],189
2026-06-30,1406,INRB-UMIE upstream,438,301,1406,438,301,1707,,,[],"[{'field': 'suspected_cases', 'from': 309, 'to': 301, 'delta': -8, 'type': 'reclassification', 'date': '2026-06-30'}]",[],208
2026-07-01,1460,INRB-UMIE upstream,452,150,1460,452,150,1610,,,[],"[{'field': 'suspected_cases', 'from': 301, 'to': 150, 'delta': -151, 'type': 'reclassification', 'date': '2026-07-01'}, {'field': 'total_cases', 'from': 1707, 'to': 1610, 'delta': -97, 'type': 'reclassification', 'date': '2026-07-01'}]",[],213
2026-07-02,1502,INRB-UMIE upstream,473,213,1502,473,213,1715,,,[],[],[],229
2026-07-03,1528,INRB-UMIE upstream,492,185,1528,492,185,1713,,,[],"[{'field': 'suspected_cases', 'from': 213, 'to': 185, 'delta': -28, 'type': 'reclassification', 'date': '2026-07-03'}, {'field': 'total_cases', 'from': 1715, 'to': 1713, 'delta': -2, 'type': 'reclassification', 'date': '2026-07-03'}]",[],239
2026-07-04,1561,INRB-UMIE upstream,506,354,1561,506,354,1915,,,[],[],[],254
2026-07-05,1624,INRB-UMIE upstream,521,135,1624,521,135,1759,,,[],"[{'field': 'suspected_cases', 'from': 354, 'to': 135, 'delta': -219, 'type': 'reclassification', 'date': '2026-07-05'}, {'field': 'total_cases', 'from': 1915, 'to': 1759, 'delta': -156, 'type': 'reclassification', 'date': '2026-07-05'}]",[],273
2026-07-06,1708,INRB-UMIE upstream,580,237,1708,580,237,1945,,,[],[],[],280
2026-07-07,1759,INRB-UMIE upstream,600,304,1759,600,304,2063,,,[],[],[],285
2026-07-08,1792,INRB-UMIE upstream,625,227,1792,625,227,2019,,,[],"[{'field': 'suspected_cases', 'from': 304, 'to': 227, 'delta': -77, 'type': 'reclassification', 'date': '2026-07-08'}, {'field': 'total_cases', 'from': 2063, 'to': 2019, 'delta': -44, 'type': 'reclassification', 'date': '2026-07-08'}]",[],295
2026-07-09,1830,INRB-UMIE upstream,648,284,1830,648,284,2114,,,[],[],[],300
2026-07-10,1873,INRB-UMIE upstream,672,299,1873,672,299,2172,,,[],[],[],306
2026-07-11,1926,INRB-UMIE upstream,702,299,1926,702,299,2225,,,[],[],[],318
2026-07-13,2011,INRB-UMIE upstream,754,268,2011,754,268,2279,,,[],"[{'field': 'suspected_cases', 'from': 299, 'to': 268, 'delta': -31, 'type': 'reclassification', 'date': '2026-07-13'}]",[],366
2026-07-15,2124,INRB-UMIE upstream,828,389,2124,828,389,2513,,,[],[],[],390
2026-07-17,2267,INRB-UMIE upstream,893,236,2267,893,236,2503,,,[],"[{'field': 'suspected_cases', 'from': 389, 'to': 236, 'delta': -153, 'type': 'reclassification', 'date': '2026-07-17'}, {'field': 'total_cases', 'from': 2513, 'to': 2503, 'delta': -10, 'type': 'reclassification', 'date': '2026-07-17'}]",[],412
2026-07-18,2344,INRB-UMIE upstream,930,192,2344,930,192,2536,,,[],"[{'field': 'suspected_cases', 'from': 236, 'to': 192, 'delta': -44, 'type': 'reclassification', 'date': '2026-07-18'}]",[],466
2026-07-19,2423,INRB-UMIE upstream,967,252,2423,967,252,2675,,,[],[],[],469
2026-07-20,2473,INRB-UMIE upstream,999,322,2473,999,322,2795,,,[],[],[],482
2026-07-22,2905,INRB-UMIE upstream,1269,318,2905,1269,318,3223,,,[],"[{'field': 'suspected_cases', 'from': 322, 'to': 318, 'delta': -4, 'type': 'reclassification', 'date': '2026-07-22'}]",[],519
2026-07-23,2973,INRB-UMIE upstream,1309,315,2973,1309,315,3288,,,[],"[{'field': 'suspected_cases', 'from': 318, 'to': 315, 'delta': -3, 'type': 'reclassification', 'date': '2026-07-23'}]",[],540
2026-07-25,3200,INRB-UMIE upstream,1405,340,3200,1405,340,3540,,,[],[],[],571
2026-07-26,3262,INRB-UMIE upstream,1437,326,3262,1437,326,3588,,,[],"[{'field': 'suspected_cases', 'from': 340, 'to': 326, 'delta': -14, 'type': 'reclassification', 'date': '2026-07-26'}]",[],583
2026-07-27,3360,INRB-UMIE upstream,1487,321,3360,1487,321,3681,,,[],"[{'field': 'suspected_cases', 'from': 326, 'to': 321, 'delta': -5, 'type': 'reclassification', 'date': '2026-07-27'}]",[],597
